{
    "os": "Linux-5.11.0-37-lowlatency-x86_64-with-glibc2.29",
    "python": "3.8.5",
    "heartbeatAt": "2021-10-12T14:40:34.620707",
    "startedAt": "2021-10-12T14:40:32.914246",
    "docker": null,
    "gpu": "Tesla P40",
    "gpu_count": 1,
    "cpu_count": 40,
    "cuda": null,
    "args": [
        "--local_rank",
        "-1"
    ],
    "state": "running",
    "program": "trainer.py",
    "codePath": "trainer.py",
    "git": {
        "remote": "https://github.com/guocongyun/adversarial-attack.git",
        "commit": "b94b73ff07bb866f27b9f8764ebde39210e695e0"
    },
    "email": null,
    "root": "/home/jovyan/others/others/adversarial-attack",
    "host": "guocongyun-safety-0",
    "username": "root",
    "executable": "/usr/bin/python3"
}
