{
    "os": "Linux-5.8.0-63-lowlatency-x86_64-with-glibc2.29",
    "python": "3.8.5",
    "heartbeatAt": "2021-09-24T03:32:46.543944",
    "startedAt": "2021-09-24T03:32:45.576246",
    "docker": null,
    "gpu": "GeForce RTX 2080 Ti",
    "gpu_count": 8,
    "cpu_count": 48,
    "cuda": null,
    "args": [
        "--local_rank=0",
        "--local_rank",
        "-1"
    ],
    "state": "running",
    "program": "trainer.py",
    "codePath": "trainer.py",
    "git": {
        "remote": "https://github.com/guocongyun/adversarial-attack.git",
        "commit": "b94b73ff07bb866f27b9f8764ebde39210e695e0"
    },
    "email": null,
    "root": "/home/jovyan/others/others/adversarial-attack",
    "host": "guocongyun-safety13-0",
    "username": "root",
    "executable": "/usr/bin/python3"
}
