{
   "trainer_config":{
      "pretrain_torch_model":null,
      "start_epoch":0,
      "total_epochs":500,
      "batch_size":2,
      "cumulative_batch_size":128,
      "save_path":"./save",
      "num_workers":4,
      "print_parm":1,
      "lr":5e-5,
      "weight_decay":1e-3,
      "use_rdrop":false,
      "use_rdrop_alpha":1,
      "use_fgm":false,
      "run_name":"Test",
      "overwrite_config":false,
      "wandb_idx":null,
      "shuffle":true,
      "cirr_training_ratio":0.8,
      "cirr_degree":1
   },
   "model_config":{
      "pretrain_hf_model":"../../pretrains/output_dir_20210910/checkpoint-38250",
      "max_position_embeddings":512,
      "position_embedding_type":"potato",
      "vocab_size":50000,
      "num_attention_heads":12,
      "num_hidden_layers":3,
      "type_vocab_size":1,
      "hidden_dropout_prob":0.5,
      "attention_probs_dropout_prob":0.5,
      "hidden_size":768,
      "num_labels":2,
      "hidden_act":"gelu"
   },
   "dataset_config":{
       "all":{
          "phase":"eval",
          "cirr_init_sample":1,
          "flag_get_idx":false,
          "black_data_path":null,
          "white_data_path":null,
          "test_size":null
       },
      "train":{
         "black_data_path":"../../../zippos/zippo_0908/black_train",
         "white_data_path":"../../../zippos/zippo_0811/white_train",
         "test_size":0.9999
      },
      "eval":{
         "black_data_path":"../../../zippos/zippo_0908/black_train",
         "white_data_path":"../../../zippos/zippo_0811/white_train",
         "test_size":0.1
      },
      "test":{
         "black_data_path":"../../../zippos/zippo_0908/black_test",
         "white_data_path":"../../../zippos/zippo_0811/white_test",
         "test_size":0.9999
      },
      "online":{
         "black_data_path":"../../../zippos/zippo_0908/online_black",
         "white_data_path":null,
         "test_size":0.9999
      }
   },
   "tokenizer_config":{
      "tokenizer_path":"./tokenizer/20210923",
      "pad_id":1,
      "pad_token":"<pad>",
      "post_process":true,
      "truncation":true
   }
}